WorkerID,WorkerStatus,WorkerType,mobilePhone,telePhone,FirstName,LastName,HireDate,LastDayofWork,managerID,jobTitle,Company,Department,CostCenter,country,state,city,postalCode,streetAddress,preferredLanguage,securityClearance
588301,TRUE,Internal,44207946001,,Sean,Connery,20260311151500.0Z,,,Section Chief,MI6 Secret Intelligence Service,Double-0 Section,007,United Kingdom,London,London,SE1 7TP,Vauxhall Cross 85,en-GB,Level 5
588302,TRUE,Internal,44207946002,,George,Lazenby,20260311151500.0Z,,588301,Field Agent,MI6 Secret Intelligence Service,Double-0 Section,007,United Kingdom,London,London,SW1A 2PW,Buckingham Gate 12,en-GB,Level 4
588303,TRUE,Internal,44207946003,,Roger,Moore,20260311151500.0Z,,588301,Field Agent,MI6 Secret Intelligence Service,Double-0 Section,007,United Kingdom,London,London,W1J 9HP,Piccadilly 22,en-GB,Level 4
588304,TRUE,Internal,44207946004,,Timothy,Dalton,20260311151500.0Z,,588301,Field Agent,MI6 Secret Intelligence Service,Double-0 Section,007,United Kingdom,London,London,EC4M 7RF,Queen Victoria Street 7,en-GB,Level 4
588305,TRUE,Internal,44207946005,,Pierce,Brosnan,20260601081500.0Z,,588301,Field Agent,MI6 Secret Intelligence Service,Double-0 Section,007,United Kingdom,London,London,SE1 7PB,South Bank 31,en-GB,Level 3
588306,TRUE,Internal,44207946006,,Daniel,Craig,20260601081500.0Z,,588301,Field Agent,MI6 Secret Intelligence Service,Double-0 Section,007,United Kingdom,London,London,WC2N 5DU,Strand 45,en-GB,Level 3
588307,TRUE,Internal,44207946007,,David,Niven,20260601081500.0Z,,588301,Field Agent,MI6 Secret Intelligence Service,Double-0 Section,007,United Kingdom,London,London,WC2N 5DU,Strand 45,en-GB,Level 3
588308,TRUE,Internal,44207946007,,Baden,Ninja,20260601081500.0Z,,588301,Field Agent,MI6 Secret Intelligence Service,Double-0 Section,007,United Kingdom,London,London,WC2N 5DU,Strand 45,en-GB,Level 3
588309,TRUE,Internal,44207946007,,Pouyan, Khabazi,20260601081500.0Z,,588301,Field Agent,MI6 Secret Intelligence Service,Double-0 Section,007,United Kingdom,London,London,WC2N 5DU,Strand 45,en-GB,Level 3
